gender,SeniorCitizen,Partner,Dependents,tenure,PhoneService,MultipleLines,InternetService,OnlineSecurity,OnlineBackup,DeviceProtection,TechSupport,StreamingTV,StreamingMovies,Contract,PaperlessBilling,PaymentMethod,MonthlyCharges,TotalCharges
Female,0,No,No,41,Yes,No,DSL,Yes,No,Yes,Yes,Yes,Yes,One year,Yes,Bank transfer (automatic),79.85,3320.75
Female,1,No,No,66,Yes,Yes,Fiber optic,Yes,No,No,No,Yes,Yes,Two year,Yes,Bank transfer (automatic),102.4,6471.85
Female,0,No,No,12,Yes,No,DSL,No,No,No,No,No,No,Month-to-month,Yes,Bank transfer (automatic),45.0,524.35
Female,0,No,No,5,Yes,Yes,DSL,No,No,No,No,No,No,Month-to-month,Yes,Mailed check,50.6,249.95
Female,0,Yes,Yes,10,Yes,No,DSL,No,Yes,Yes,No,No,Yes,One year,Yes,Mailed check,65.9,660.05
Male,0,Yes,No,67,Yes,Yes,Fiber optic,No,Yes,No,No,Yes,No,One year,Yes,Bank transfer (automatic),88.4,5798.3
Male,0,Yes,No,50,Yes,Yes,Fiber optic,No,Yes,No,No,Yes,Yes,One year,Yes,Electronic check,98.25,4858.7
Male,1,No,No,1,Yes,No,DSL,No,No,No,No,No,No,Month-to-month,No,Electronic check,44.0,44.0
Male,0,Yes,No,44,Yes,No,DSL,No,Yes,Yes,Yes,Yes,No,One year,Yes,Electronic check,70.95,3250.45
Female,0,Yes,Yes,18,Yes,No,DSL,No,No,No,No,Yes,No,Month-to-month,No,Mailed check,55.95,1082.8
Male,1,Yes,Yes,32,Yes,No,Fiber optic,No,Yes,No,No,Yes,Yes,Month-to-month,Yes,Mailed check,93.95,2861.45
Male,0,Yes,Yes,68,Yes,Yes,Fiber optic,No,Yes,No,No,Yes,Yes,One year,Yes,Credit card (automatic),101.05,6770.5
Female,1,No,No,3,Yes,No,Fiber optic,No,No,No,No,No,No,Month-to-month,Yes,Electronic check,70.3,235.5
Male,0,Yes,Yes,47,Yes,Yes,Fiber optic,No,Yes,No,No,Yes,No,Month-to-month,No,Electronic check,87.2,4017.45
Male,0,No,No,19,Yes,No,No,No internet service,No internet service,No internet service,No internet service,No internet service,No internet service,Two year,Yes,Mailed check,19.95,373.5
Female,0,Yes,No,72,Yes,Yes,No,No internet service,No internet service,No internet service,No internet service,No internet service,No internet service,Two year,No,Credit card (automatic),25.0,1849.2
Male,0,Yes,Yes,27,Yes,Yes,Fiber optic,No,No,No,No,No,No,Month-to-month,Yes,Bank transfer (automatic),75.75,1929.0
Male,0,Yes,Yes,34,Yes,No,Fiber optic,No,Yes,Yes,No,Yes,No,Month-to-month,Yes,Electronic check,89.85,3091.75
Female,0,No,No,34,Yes,Yes,Fiber optic,No,No,No,No,Yes,No,Month-to-month,No,Electronic check,85.35,2896.6
Male,0,No,No,51,Yes,Yes,Fiber optic,No,Yes,Yes,Yes,No,No,Month-to-month,Yes,Electronic check,87.35,4473.0
Male,0,No,Yes,1,Yes,No,No,No internet service,No internet service,No internet service,No internet service,No internet service,No internet service,Month-to-month,Yes,Mailed check,20.25,20.25
Male,1,Yes,Yes,51,Yes,Yes,Fiber optic,No,Yes,Yes,No,No,No,Month-to-month,Yes,Electronic check,84.2,4146.05
Male,0,No,No,35,Yes,Yes,No,No internet service,No internet service,No internet service,No internet service,No internet service,No internet service,Month-to-month,Yes,Electronic check,25.6,901.25
Male,0,Yes,Yes,60,Yes,Yes,Fiber optic,Yes,No,Yes,Yes,Yes,Yes,Two year,Yes,Electronic check,110.6,6586.85
Male,0,Yes,Yes,72,Yes,Yes,Fiber optic,Yes,Yes,Yes,Yes,Yes,Yes,Two year,No,Bank transfer (automatic),114.45,8100.55
Male,0,Yes,Yes,26,Yes,Yes,DSL,No,No,Yes,Yes,Yes,Yes,One year,Yes,Credit card (automatic),82.0,2083.1
Male,0,No,No,65,Yes,Yes,Fiber optic,No,Yes,Yes,No,Yes,Yes,Two year,No,Credit card (automatic),105.1,6631.85
Male,0,No,No,14,Yes,No,No,No internet service,No internet service,No internet service,No internet service,No internet service,No internet service,One year,No,Bank transfer (automatic),20.4,275.7
Female,0,Yes,Yes,19,Yes,No,No,No internet service,No internet service,No internet service,No internet service,No internet service,No internet service,Month-to-month,No,Mailed check,20.2,382.2
Female,0,Yes,Yes,52,Yes,No,Fiber optic,Yes,No,Yes,Yes,No,No,Month-to-month,Yes,Bank transfer (automatic),84.05,4326.8
Female,1,No,No,25,Yes,Yes,Fiber optic,Yes,Yes,No,No,Yes,Yes,Month-to-month,Yes,Mailed check,102.8,2660.2
Female,0,Yes,Yes,10,Yes,Yes,DSL,Yes,Yes,No,No,Yes,No,One year,No,Electronic check,70.3,676.15
Female,0,Yes,Yes,52,Yes,No,DSL,No,No,Yes,No,No,No,One year,Yes,Bank transfer (automatic),50.95,2610.65
Male,0,Yes,Yes,27,Yes,Yes,Fiber optic,No,Yes,No,Yes,No,No,Month-to-month,Yes,Credit card (automatic),85.2,2151.6
Male,0,No,No,62,No,No phone service,DSL,Yes,Yes,Yes,Yes,No,No,Two year,Yes,Bank transfer (automatic),43.7,2618.3
Male,0,No,No,36,Yes,Yes,Fiber optic,No,No,No,No,No,Yes,Month-to-month,Yes,Electronic check,84.9,3067.2
Female,0,No,No,29,Yes,Yes,No,No internet service,No internet service,No internet service,No internet service,No internet service,No internet service,Month-to-month,No,Electronic check,25.15,702.0
Male,0,Yes,No,14,Yes,Yes,Fiber optic,No,Yes,Yes,No,No,No,Month-to-month,Yes,Electronic check,82.65,1185.0
Male,0,No,No,32,Yes,Yes,Fiber optic,No,No,No,No,No,Yes,Month-to-month,Yes,Bank transfer (automatic),85.65,2664.3
Male,0,Yes,Yes,22,Yes,No,DSL,No,No,No,Yes,No,No,Month-to-month,Yes,Electronic check,51.1,1232.9
Male,0,No,No,53,Yes,No,No,No internet service,No internet service,No internet service,No internet service,No internet service,No internet service,Two year,No,Credit card (automatic),19.5,1050.5
Female,0,No,No,56,No,No phone service,DSL,Yes,Yes,Yes,Yes,No,No,Two year,No,Bank transfer (automatic),45.05,2560.1
Male,1,No,No,8,Yes,No,Fiber optic,No,Yes,No,No,No,No,Month-to-month,Yes,Electronic check,74.5,606.55
Male,0,No,No,10,Yes,Yes,Fiber optic,No,No,No,No,Yes,No,Month-to-month,Yes,Bank transfer (automatic),86.05,834.1
Male,0,No,No,2,Yes,No,Fiber optic,No,No,No,No,No,No,Month-to-month,Yes,Electronic check,69.8,146.65
Male,0,No,No,50,Yes,No,Fiber optic,Yes,Yes,No,Yes,No,Yes,Month-to-month,Yes,Credit card (automatic),93.5,4747.5
Male,0,No,No,44,Yes,No,DSL,Yes,No,No,Yes,Yes,No,One year,No,Electronic check,65.4,2774.55
Male,1,Yes,No,7,Yes,Yes,Fiber optic,No,No,No,No,No,No,Month-to-month,Yes,Mailed check,74.4,527.9
Female,0,Yes,Yes,27,Yes,No,Fiber optic,Yes,No,No,No,No,No,Month-to-month,No,Mailed check,74.4,1972.35
Female,0,No,Yes,2,Yes,Yes,Fiber optic,No,No,No,No,Yes,Yes,Month-to-month,Yes,Bank transfer (automatic),94.2,193.8
